-- =====================================================
-- Campaign Management System Database Schema
-- Version: 1.1.0
-- Updated: 2024-12-04
-- =====================================================

-- =====================================================
-- 0. Drop existing tables (if any)
-- =====================================================

DROP TABLE IF EXISTS public.campaign_posts CASCADE;
DROP TABLE IF EXISTS public.campaign_channels CASCADE;
DROP TABLE IF EXISTS public.campaign_categories CASCADE;
DROP TABLE IF EXISTS public.campaigns CASCADE;
DROP TABLE IF EXISTS public.users CASCADE;

-- Drop sequences
DROP SEQUENCE IF EXISTS campaign_number_seq CASCADE;

-- =====================================================
-- 1. Table Creation
-- =====================================================

-- 1.1 Users table (auth.users integration)
CREATE TABLE IF NOT EXISTS public.users (
  id UUID PRIMARY KEY REFERENCES auth.users(id) ON DELETE CASCADE,
  email TEXT UNIQUE NOT NULL,
  name TEXT,
  role TEXT DEFAULT 'user', -- user, admin
  created_at TIMESTAMPTZ DEFAULT NOW(),
  updated_at TIMESTAMPTZ DEFAULT NOW()
);

ALTER TABLE public.users ENABLE ROW LEVEL SECURITY;

-- 1.2 Campaign Categories table
CREATE TABLE IF NOT EXISTS public.campaign_categories (
  id TEXT PRIMARY KEY,
  name TEXT NOT NULL,
  description TEXT,
  icon TEXT,
  color TEXT DEFAULT 'bg-blue-100',
  display_order INT DEFAULT 0,
  is_active BOOLEAN DEFAULT TRUE,
  created_at TIMESTAMPTZ DEFAULT NOW(),
  updated_at TIMESTAMPTZ DEFAULT NOW()
);

ALTER TABLE public.campaign_categories ENABLE ROW LEVEL SECURITY;

-- 1.3 Campaigns table
CREATE TABLE IF NOT EXISTS public.campaigns (
  id BIGSERIAL PRIMARY KEY,
  name TEXT NOT NULL,
  category_id TEXT REFERENCES public.campaign_categories(id),
  description TEXT,
  start_date DATE,
  end_date DATE,
  target_views INT DEFAULT 0,
  target_registrations INT DEFAULT 0,
  budget DECIMAL(18,2),
  status TEXT DEFAULT 'planning', -- planning, active, completed, cancelled
  created_by UUID REFERENCES public.users(id),
  created_at TIMESTAMPTZ DEFAULT NOW(),
  updated_at TIMESTAMPTZ DEFAULT NOW()
);

ALTER TABLE public.campaigns ENABLE ROW LEVEL SECURITY;

-- 1.4 Campaign Channels table (posting channels)
CREATE TABLE IF NOT EXISTS public.campaign_channels (
  id BIGSERIAL PRIMARY KEY,
  name TEXT NOT NULL,
  category TEXT NOT NULL, -- contest, community, sns, etc
  url TEXT,
  member_count INT,
  avg_daily_views INT,
  description TEXT,
  contact_info TEXT,
  requirements TEXT, -- posting requirements
  is_active BOOLEAN DEFAULT TRUE,
  last_used_at TIMESTAMPTZ,
  created_at TIMESTAMPTZ DEFAULT NOW(),
  updated_at TIMESTAMPTZ DEFAULT NOW()
);

-- Indexes
CREATE INDEX IF NOT EXISTS idx_channels_category ON public.campaign_channels(category);
CREATE INDEX IF NOT EXISTS idx_channels_active ON public.campaign_channels(is_active);

ALTER TABLE public.campaign_channels ENABLE ROW LEVEL SECURITY;

-- 1.5 Campaign Posts table (posting history and performance)
CREATE TABLE IF NOT EXISTS public.campaign_posts (
  id BIGSERIAL PRIMARY KEY,
  campaign_id BIGINT REFERENCES public.campaigns(id) ON DELETE CASCADE,
  channel_id BIGINT REFERENCES public.campaign_channels(id),
  post_url TEXT NOT NULL,
  title TEXT,
  content TEXT,
  posted_date DATE NOT NULL,
  deleted_date DATE,
  view_count INT DEFAULT 0,
  click_count INT DEFAULT 0,
  registration_count INT DEFAULT 0,
  conversion_rate DECIMAL(5,2), -- percentage
  status TEXT DEFAULT 'pending', -- pending, posted, deleted, expired
  result TEXT, -- success, moderate, poor
  notes TEXT,
  posted_by UUID REFERENCES public.users(id),
  created_at TIMESTAMPTZ DEFAULT NOW(),
  updated_at TIMESTAMPTZ DEFAULT NOW()
);

-- Indexes
CREATE INDEX IF NOT EXISTS idx_posts_campaign ON public.campaign_posts(campaign_id);
CREATE INDEX IF NOT EXISTS idx_posts_channel ON public.campaign_posts(channel_id);
CREATE INDEX IF NOT EXISTS idx_posts_posted_date ON public.campaign_posts(posted_date DESC);
CREATE INDEX IF NOT EXISTS idx_posts_status ON public.campaign_posts(status);

ALTER TABLE public.campaign_posts ENABLE ROW LEVEL SECURITY;

-- =====================================================
-- 2. Row Level Security (RLS) Policies
-- =====================================================

-- 2.1 Users table policies (FIXED: Removed infinite recursion)
CREATE POLICY "Users can view own profile" 
  ON public.users FOR SELECT 
  USING (auth.uid() = id);

CREATE POLICY "Admin can view all users" 
  ON public.users FOR SELECT
  USING (
    EXISTS (
      SELECT 1 FROM public.users u 
      WHERE u.id = auth.uid() AND u.role = 'admin'
      LIMIT 1
    )
  );

CREATE POLICY "Users can update own profile" 
  ON public.users FOR UPDATE 
  USING (auth.uid() = id);

CREATE POLICY "Users can insert own profile" 
  ON public.users FOR INSERT 
  WITH CHECK (auth.uid() = id);

-- 2.2 Campaign Categories policies (everyone can view)
CREATE POLICY "Anyone can view categories" 
  ON public.campaign_categories FOR SELECT 
  USING (true);

CREATE POLICY "Admin can manage categories" 
  ON public.campaign_categories FOR INSERT 
  WITH CHECK (
    EXISTS (
      SELECT 1 FROM public.users 
      WHERE id = auth.uid() AND role = 'admin'
      LIMIT 1
    )
  );

CREATE POLICY "Admin can update categories" 
  ON public.campaign_categories FOR UPDATE
  USING (
    EXISTS (
      SELECT 1 FROM public.users 
      WHERE id = auth.uid() AND role = 'admin'
      LIMIT 1
    )
  );

CREATE POLICY "Admin can delete categories" 
  ON public.campaign_categories FOR DELETE
  USING (
    EXISTS (
      SELECT 1 FROM public.users 
      WHERE id = auth.uid() AND role = 'admin'
      LIMIT 1
    )
  );

-- 2.3 Campaigns policies
CREATE POLICY "Anyone can view active campaigns" 
  ON public.campaigns FOR SELECT 
  USING (true);

CREATE POLICY "Authenticated users can create campaigns" 
  ON public.campaigns FOR INSERT 
  WITH CHECK (auth.uid() IS NOT NULL);

CREATE POLICY "Users can update own campaigns" 
  ON public.campaigns FOR UPDATE 
  USING (
    created_by = auth.uid() OR 
    EXISTS (
      SELECT 1 FROM public.users 
      WHERE id = auth.uid() AND role = 'admin'
      LIMIT 1
    )
  );

CREATE POLICY "Users can delete own campaigns" 
  ON public.campaigns FOR DELETE 
  USING (
    created_by = auth.uid() OR 
    EXISTS (
      SELECT 1 FROM public.users 
      WHERE id = auth.uid() AND role = 'admin'
      LIMIT 1
    )
  );

-- 2.4 Campaign Channels policies
CREATE POLICY "Anyone can view channels" 
  ON public.campaign_channels FOR SELECT 
  USING (true);

CREATE POLICY "Authenticated users can create channels" 
  ON public.campaign_channels FOR INSERT 
  WITH CHECK (auth.uid() IS NOT NULL);

CREATE POLICY "Authenticated users can update channels" 
  ON public.campaign_channels FOR UPDATE
  USING (auth.uid() IS NOT NULL);

CREATE POLICY "Admin can delete channels" 
  ON public.campaign_channels FOR DELETE
  USING (
    EXISTS (
      SELECT 1 FROM public.users 
      WHERE id = auth.uid() AND role = 'admin'
      LIMIT 1
    )
  );

-- 2.5 Campaign Posts policies
CREATE POLICY "Anyone can view posts" 
  ON public.campaign_posts FOR SELECT 
  USING (true);

CREATE POLICY "Authenticated users can create posts" 
  ON public.campaign_posts FOR INSERT 
  WITH CHECK (auth.uid() IS NOT NULL);

CREATE POLICY "Users can update own posts" 
  ON public.campaign_posts FOR UPDATE 
  USING (
    posted_by = auth.uid() OR 
    EXISTS (
      SELECT 1 FROM public.users 
      WHERE id = auth.uid() AND role = 'admin'
      LIMIT 1
    )
  );

CREATE POLICY "Users can delete own posts" 
  ON public.campaign_posts FOR DELETE 
  USING (
    posted_by = auth.uid() OR 
    EXISTS (
      SELECT 1 FROM public.users 
      WHERE id = auth.uid() AND role = 'admin'
      LIMIT 1
    )
  );

-- =====================================================
-- 3. Triggers and Functions
-- =====================================================

-- 3.1 Updated_at auto update function
CREATE OR REPLACE FUNCTION update_updated_at_column()
RETURNS TRIGGER AS $$
BEGIN
    NEW.updated_at = NOW();
    RETURN NEW;
END;
$$ LANGUAGE plpgsql;

-- Apply triggers to tables
DROP TRIGGER IF EXISTS update_users_updated_at ON public.users;
CREATE TRIGGER update_users_updated_at BEFORE UPDATE ON public.users
    FOR EACH ROW EXECUTE FUNCTION update_updated_at_column();

DROP TRIGGER IF EXISTS update_campaigns_updated_at ON public.campaigns;
CREATE TRIGGER update_campaigns_updated_at BEFORE UPDATE ON public.campaigns
    FOR EACH ROW EXECUTE FUNCTION update_updated_at_column();

DROP TRIGGER IF EXISTS update_campaign_channels_updated_at ON public.campaign_channels;
CREATE TRIGGER update_campaign_channels_updated_at BEFORE UPDATE ON public.campaign_channels
    FOR EACH ROW EXECUTE FUNCTION update_updated_at_column();

DROP TRIGGER IF EXISTS update_campaign_posts_updated_at ON public.campaign_posts;
CREATE TRIGGER update_campaign_posts_updated_at BEFORE UPDATE ON public.campaign_posts
    FOR EACH ROW EXECUTE FUNCTION update_updated_at_column();

DROP TRIGGER IF EXISTS update_campaign_categories_updated_at ON public.campaign_categories;
CREATE TRIGGER update_campaign_categories_updated_at BEFORE UPDATE ON public.campaign_categories
    FOR EACH ROW EXECUTE FUNCTION update_updated_at_column();

-- 3.2 User creation trigger
CREATE OR REPLACE FUNCTION public.handle_new_user()
RETURNS trigger AS $$
BEGIN
  INSERT INTO public.users (id, email, created_at, updated_at)
  VALUES (new.id, new.email, now(), now())
  ON CONFLICT (id) DO NOTHING;
  
  RETURN new;
END;
$$ LANGUAGE plpgsql SECURITY DEFINER;

DROP TRIGGER IF EXISTS on_auth_user_created ON auth.users;
CREATE TRIGGER on_auth_user_created
  AFTER INSERT ON auth.users
  FOR EACH ROW EXECUTE FUNCTION public.handle_new_user();

-- 3.3 Calculate conversion rate trigger
CREATE OR REPLACE FUNCTION calculate_conversion_rate()
RETURNS TRIGGER AS $$
BEGIN
  IF NEW.view_count > 0 THEN
    NEW.conversion_rate = (NEW.registration_count::DECIMAL / NEW.view_count) * 100;
  END IF;
  RETURN NEW;
END;
$$ LANGUAGE plpgsql;

DROP TRIGGER IF EXISTS calculate_post_conversion ON public.campaign_posts;
CREATE TRIGGER calculate_post_conversion
  BEFORE INSERT OR UPDATE OF view_count, registration_count ON public.campaign_posts
  FOR EACH ROW EXECUTE FUNCTION calculate_conversion_rate();

-- =====================================================
-- 4. Sample Data
-- =====================================================

-- Campaign Categories
INSERT INTO public.campaign_categories (id, name, description, icon, color, display_order) VALUES
('contest', 'ê³µëª¨ì „', 'ê°ì¢… ê²½ì§„ëŒ€íšŒ ë° ê³µëª¨ì „', 'ðŸ†', 'bg-yellow-100', 1),
('seminar', 'ì„¸ë¯¸ë‚˜', 'êµìœ¡ ë° ì„¸ë¯¸ë‚˜ í”„ë¡œê·¸ëž¨', 'ðŸ“š', 'bg-blue-100', 2),
('community', 'ì»¤ë®¤ë‹ˆí‹°', 'ì˜¨ë¼ì¸ ì»¤ë®¤ë‹ˆí‹° ê²Œì‹œ', 'ðŸ‘¥', 'bg-green-100', 3),
('sns', 'SNS', 'ì†Œì…œ ë¯¸ë””ì–´ ë§ˆì¼€íŒ…', 'ðŸ“±', 'bg-purple-100', 4),
('event', 'ì´ë²¤íŠ¸', 'ì˜¤í”„ë¼ì¸ ì´ë²¤íŠ¸', 'ðŸŽ‰', 'bg-pink-100', 5)
ON CONFLICT (id) DO NOTHING;

-- Sample Campaign Channels (Contest Platforms)
INSERT INTO public.campaign_channels (name, category, url, member_count, avg_daily_views, description, is_active) VALUES
('ìŠ¤íŽ™í† ë¦¬', 'contest', 'https://www.spectory.net', NULL, 5000, 'ëŒ€í•™ìƒ ê³µëª¨ì „ í”Œëž«í¼', true),
('ì”½êµ¿', 'contest', 'https://www.thinkcontest.com', NULL, 3000, 'ê³µëª¨ì „ í†µí•© í”Œëž«í¼', true),
('ì”½ìœ ', 'contest', 'https://thinkyou.co.kr', NULL, 2000, 'ê³µëª¨ì „ ì •ë³´ ì‚¬ì´íŠ¸', true),
('ì˜¨ì˜¤í”„ë¯¹ìŠ¤', 'contest', 'https://onoffmix.com', NULL, 10000, 'ì´ë²¤íŠ¸ ë° ëª¨ìž„ í”Œëž«í¼', true),
('ì˜¬ì½˜', 'contest', 'https://www.all-con.co.kr', NULL, 4000, 'ê³µëª¨ì „ ì „ë¬¸ í”Œëž«í¼', true),
('ìš”ì¦˜ê²ƒë“¤', 'contest', 'https://www.allforyoung.com', NULL, 8000, 'ì²­ë…„ ëŒ€ìƒ í”Œëž«í¼', true),
('ì´ë²¤í„°ìŠ¤', 'contest', 'https://event-us.kr', NULL, 6000, 'ì´ë²¤íŠ¸ í†µí•© í”Œëž«í¼', true),
('ì¸í¬ë£¨íŠ¸', 'contest', 'https://gongmo.incruit.com', NULL, 5000, 'ì±„ìš© ì—°ê³„ ê³µëª¨ì „', true),
('ë§ì»¤ë¦¬ì–´', 'contest', 'https://linkareer.com', 297, 15000, 'ëŒ€í•™ìƒ ì»¤ë¦¬ì–´ í”Œëž«í¼', true),
('ë°ëª¨ë°ì´', 'contest', 'http://www.demoday.co.kr', 21, 2000, 'ì°½ì—… ê²½ì§„ëŒ€íšŒ í”Œëž«í¼', true),
('ìŠˆí¼ë£¨í‚¤', 'contest', 'https://www.superookie.com', NULL, 3000, 'ì‹ ìž… ëŒ€ìƒ í”Œëž«í¼', true),
('ìœ„ë¹„í‹°', 'contest', 'https://www.wevity.com', NULL, 8000, 'ëŒ€ì™¸í™œë™ í†µí•© í”Œëž«í¼', true),
('ìº í¼ì¦ˆ', 'contest', 'https://www.campuz.net', NULL, 4000, 'ëŒ€í•™ìƒ ì»¤ë®¤ë‹ˆí‹°', true),
('ì»¬ì²˜í”Œ', 'contest', 'https://www.cultureple.com', NULL, 3000, 'ë¬¸í™” ì½˜í…ì¸  í”Œëž«í¼', true),
('ì½”ì›Œì»¤', 'contest', 'https://co-worker.co.kr', 6212, 5000, 'í˜‘ì—… í”„ë¡œì íŠ¸ í”Œëž«í¼', true),
('ì½˜í…ŒìŠ¤íŠ¸ ì½”ë¦¬ì•„', 'contest', 'https://www.contestkorea.com', 98, 7000, 'ê³µëª¨ì „ ì¢…í•© í”Œëž«í¼', true),
('Gì½˜í…ŒìŠ¤íŠ¸', 'contest', 'https://gcontest.co.kr', 13, 2000, 'ê³µëª¨ì „ ì •ë³´ ì‚¬ì´íŠ¸', true),
('ê³µëª¨ì „ì•Œê³ ', 'contest', 'https://www.contestalgo.com', NULL, 3500, 'ê³µëª¨ì „ ì•Œë¦¼ ì„œë¹„ìŠ¤', true),
('ê³µëª¨íƒ‘', 'contest', 'https://www.gongmotop.com', 13, 2500, 'ê³µëª¨ì „ ì „ë¬¸ í”Œëž«í¼', true),
('ëŒ€í‹°ì¦Œ', 'contest', 'https://www.detizen.com', NULL, 4000, 'ëŒ€í•™ìƒ í™œë™ í”Œëž«í¼', true)
ON CONFLICT DO NOTHING;

-- Sample Community Channels
INSERT INTO public.campaign_channels (name, category, url, description, is_active) VALUES
('ì´ì˜¤í”Œëž˜ë‹›', 'community', 'https://eopla.net', 'ê°œë°œìž ì»¤ë®¤ë‹ˆí‹°', true),
('ë””ì”¨ì¸ì‚¬ì´ë“œ í”„ë¡œê·¸ëž˜ë°', 'community', 'https://gall.dcinside.com', 'í”„ë¡œê·¸ëž˜ë° ê°¤ëŸ¬ë¦¬', true),
('ì¸ë””í„°ì›¹', 'community', 'https://inditor.co.kr', 'ì¸ë”” ê°œë°œìž ì»¤ë®¤ë‹ˆí‹°', true),
('AI Dev', 'community', 'http://aidev.co.kr', 'ì¸ê³µì§€ëŠ¥ ê°œë°œìž ëª¨ìž„', true),
('AITUTOR21', 'community', 'http://aitutor21.com', 'AI êµìœ¡ ì»¤ë®¤ë‹ˆí‹°', true),
('ë°ë¸Œì½”ë¦¬ì•„', 'community', 'http://devkorea.co.kr', 'ê°œë°œìž ì»¤ë®¤ë‹ˆí‹°', true),
('êµ¬ë£¨ë¹„', 'community', 'http://gurubee.net', 'ê°œë°œìž & DBA ì»¤ë®¤ë‹ˆí‹°', true),
('Iamroot', 'community', 'http://www.iamroot.org', 'ë¦¬ëˆ…ìŠ¤ ì»¤ë„ ìŠ¤í„°ë””', true),
('aigee', 'community', 'https://aigee.ai', 'AI ì „ë¬¸ ì»¤ë®¤ë‹ˆí‹°', true),
('ì»¤ë¦¬ì–´ë¦¬', 'community', 'https://careerly.co.kr', 'ì§ìž¥ì¸ ì»¤ë¦¬ì–´ í”Œëž«í¼', true),
('ëŽìŠ¤ë…¸íŠ¸', 'community', 'https://devsnote.com', 'ê°œë°œ ë…¸íŠ¸ ê³µìœ ', true),
('íŒŒì´í† ì¹˜', 'community', 'https://discuss.pytorch.kr', 'íŒŒì´í† ì¹˜ í•œêµ­ í¬ëŸ¼', true),
('í•˜ëª¨ë‹ˆì¼€ì´ì•Œ', 'community', 'https://hamonikr.org', 'í•œêµ­ ë¦¬ëˆ…ìŠ¤ ì»¤ë®¤ë‹ˆí‹°', true),
('ìžë°”ìŠ¤í¬ë¦½íŠ¸ë°ë¸Œ', 'community', 'https://jsdev.kr', 'ìžë°”ìŠ¤í¬ë¦½íŠ¸ ê°œë°œìž', true),
('ì˜¤í‚¤ì½”ë¦¬ì•„', 'community', 'https://okky.kr', 'IT í†µí•© ì»¤ë®¤ë‹ˆí‹°', true),
('PHPìŠ¤ì¿¨', 'community', 'https://phpschool.com', 'PHP ê°œë°œìž ì»¤ë®¤ë‹ˆí‹°', true),
('ìŠ¤í”„', 'community', 'https://soup.pw', 'í”„ë¡œì íŠ¸ ê³µìœ  í”Œëž«í¼', true),
('CodeIgniter í•œêµ­', 'community', 'https://www.cikorea.net', 'CI í”„ë ˆìž„ì›Œí¬ í¬ëŸ¼', true),
('LDS', 'community', 'https://www.linuxdata.org', 'ë¦¬ëˆ…ìŠ¤ ë°ì´í„° ì‹œìŠ¤í…œ', true),
('ì°½ì—…ì½”ë¦¬ì•„', 'community', 'https://www.dream.go.kr', 'ì°½ì—… ì»¤ë®¤ë‹ˆí‹°', true),
('ëŒ€êµ¬ì°½ì¡°ê²½ì œí˜ì‹ ì„¼í„°', 'community', 'https://startup.daegu.go.kr', 'ì§€ì—­ ì°½ì—… ì§€ì›', true),
('ë„¥ìŠ¤íŠ¸ìœ ë‹ˆì½˜', 'community', 'https://www.nextunicorn.kr', 'ìŠ¤íƒ€íŠ¸ì—… í”Œëž«í¼', true),
('ëŒê³ ë„·', 'community', 'http://dolgo.net', 'ê°œë°œìž Q&A ì»¤ë®¤ë‹ˆí‹°', true)
ON CONFLICT DO NOTHING;

-- Sample Campaigns (with actual user ID - will be updated when user logs in)
INSERT INTO public.campaigns (name, category_id, description, start_date, end_date, target_views, target_registrations, status, budget) VALUES
('ì œ3íšŒ ë„¤íŠ¸ì›Œí¬ ì§€ëŠ¥í™”ë¥¼ ìœ„í•œ ì¸ê³µì§€ëŠ¥ í•´ì»¤í†¤', 'contest', 'ë„¤íŠ¸ì›Œí¬ AI ê¸°ìˆ  ê²½ì§„ëŒ€íšŒ', '2024-09-01', '2024-10-31', 10000, 100, 'completed', 500000),
('ë”¥íŽ˜ì´í¬ ë²”ì£„ ëŒ€ì‘ì„ ìœ„í•œ AI íƒì§€ ëª¨ë¸ ê²½ì§„ëŒ€íšŒ', 'contest', 'ë”¥íŽ˜ì´í¬ íƒì§€ ê¸°ìˆ  ê°œë°œ', '2024-11-01', '2024-12-31', 15000, 200, 'active', 1000000),
('2024 AI ê°œë°œìž ì„¸ë¯¸ë‚˜', 'seminar', 'AI ìµœì‹  ê¸°ìˆ  íŠ¸ë Œë“œ ê³µìœ ', '2024-12-10', '2024-12-10', 5000, 500, 'planning', 300000),
('ì¸ê³µì§€ëŠ¥ ìœ¤ë¦¬ ì›Œí¬ìƒµ', 'seminar', 'AI ìœ¤ë¦¬ ê°€ì´ë“œë¼ì¸ êµìœ¡', '2024-12-15', '2024-12-15', 3000, 150, 'planning', 200000),
('ë¨¸ì‹ ëŸ¬ë‹ ìŠ¤í„°ë”” ëª¨ì§‘', 'community', 'ì£¼ê°„ ML ìŠ¤í„°ë”” ê·¸ë£¹', '2024-12-01', '2025-02-28', 2000, 50, 'active', 0)
ON CONFLICT DO NOTHING;

-- Sample Posts (will need to update campaign_id and channel_id based on actual IDs)
-- These will be inserted after campaigns and channels are created
INSERT INTO public.campaign_posts (
  campaign_id, 
  channel_id, 
  post_url, 
  title,
  posted_date, 
  view_count, 
  click_count, 
  registration_count,
  status,
  result
) 
SELECT 
  c.id,
  ch.id,
  'https://example.com/post/' || c.id || '-' || ch.id,
  c.name || ' - ' || ch.name,
  CURRENT_DATE - INTERVAL '5 days',
  FLOOR(RANDOM() * 1000 + 100),
  FLOOR(RANDOM() * 100 + 10),
  FLOOR(RANDOM() * 20 + 1),
  'posted',
  CASE WHEN RANDOM() > 0.5 THEN 'success' ELSE 'moderate' END
FROM 
  public.campaigns c
  CROSS JOIN public.campaign_channels ch
WHERE 
  c.status IN ('active', 'completed')
  AND ch.category = 'contest'
LIMIT 10
ON CONFLICT DO NOTHING;

-- More sample posts with various statuses
INSERT INTO public.campaign_posts (
  campaign_id, 
  channel_id, 
  post_url,
  title, 
  posted_date, 
  view_count, 
  click_count, 
  registration_count,
  status
) 
SELECT 
  c.id,
  ch.id,
  'https://example.com/community/' || c.id || '-' || ch.id,
  c.name || ' ì»¤ë®¤ë‹ˆí‹° ê²Œìž¬',
  CURRENT_DATE - INTERVAL '10 days',
  FLOOR(RANDOM() * 500 + 50),
  FLOOR(RANDOM() * 50 + 5),
  FLOOR(RANDOM() * 10),
  'posted'
FROM 
  public.campaigns c
  CROSS JOIN public.campaign_channels ch
WHERE 
  c.status IN ('active', 'completed')
  AND ch.category = 'community'
LIMIT 10
ON CONFLICT DO NOTHING;

-- =====================================================
-- 5. Additional Indexes for Performance
-- =====================================================

CREATE INDEX IF NOT EXISTS idx_posts_performance ON public.campaign_posts(view_count, click_count, registration_count);
CREATE INDEX IF NOT EXISTS idx_campaigns_dates ON public.campaigns(start_date, end_date);
CREATE INDEX IF NOT EXISTS idx_campaigns_status ON public.campaigns(status);

-- Update statistics
ANALYZE public.campaigns;
ANALYZE public.campaign_channels;
ANALYZE public.campaign_posts;